Car_Make,Car_Model,Year,Body_Type,Color_Options,Fuel_Type,Engine_Size_L,Horsepower,Torque_Nm,Transmission_Type,Acceleration_0_60_mph,Top_Speed_mph,Mileage_MPG,Safety_Features,Entertainment_Features,Interior_Features,Exterior_Features,Price_USD,Customer_Ratings,Sales_Figures_Units_Sold
 Toyota   , Camry       ,2022, Sedan     ," White, Silver, Black          ", Gasoline  ,2.5,203,245.0, Automatic        ,7.9,135,31.0," ABS, Airbags, Lane-Keeping Assist, Blind Spot Monitor ", 8-inch Touchscreen Infotainment System ," Leather Seats, Power Driver's Seat, Dual-Zone Climate Control "," LED Headlights, Alloy Wheels, Sunroof                       ",28500.0,4.5,1500.0
 Ford     , F-150       ,2023, Truck     ," Blue, Red, Gray               ", Gasoline  ,3.5,375,475.0, Automatic        ,6.1,145,23.0," ABS, Airbags, Trailer Sway Control, Rear View Camera  ", 12-inch SYNC 4 Infotainment System   ," Cloth Seats, Power Windows, Keyless Entry                 "," LED Taillights, Tow Hitch, Bed Liner                        ",45900.0,4.8,2200.0
 Honda    , Civic       ,2023, Sedan     ," Black, Blue, Silver           ", Gasoline  ,1.8,158,180.0, CVT               ,8.2,120,36.0," ABS, Airbags, Lane Departure Warning, Rear Cross Traffic Alert ", 7-inch Display Audio System       ," Cloth Seats, Bluetooth Connectivity, Push Button Start   "," LED Daytime Running Lights, Alloy Wheels                   ",22950.0,4.6,2800.0
 Chevrolet, Tahoe       ,2023, SUV       ," Red, White, Gray              ", Gasoline  ,5.3,355,519.0, Automatic        ,7.1,130,19.0," ABS, Airbags, Forward Collision Warning, Lane Keep Assist ", 10.2-inch Infotainment System      ," Leather Seats, Heated Front Seats, Third-Row Seating     "," LED Headlights, Roof Rails, Power Liftgate                 ",53250.0,4.7,1000.0
 Tesla    , Model 3     ,2023, Sedan     ," Blue, Red, Silver             ", Electric  ,,283,440.0, Automatic        ,5.2,140,125.0," Enhanced Autopilot, Lane Departure Warning, Autopark   ", 15.4-inch Infotainment Display     ," Vegan Leather Seats, Heated Steering Wheel, Premium Audio "," Panoramic Glass Roof, Power Trunk, Alloy Wheels             ",49990.0,4.9,4500.0
 Nissan   , Rogue       ,2023, SUV       ," Green, Black, White           ", Gasoline  ,2.5,181,245.0, CVT               ,8.6,115,28.0," ABS, Airbags, Blind Spot Warning, Rear Cross Traffic Alert ", 8-inch Touchscreen Display        ," Cloth Seats, Power Mirrors, Dual-Zone Climate Control     "," LED Taillights, Roof Rails, Power Liftgate                 ",27850.0,4.6,2100.0
 BMW      , X5          ,2022, SUV       ," Black, Gray, Blue             ", Gasoline  ,3.0,335,450.0, Automatic        ,5.3,155,24.0," ABS, Airbags, Lane Departure Warning, Parking Assist     ", 12.3-inch Digital Instrument Cluster ," Leather Seats, Heated Front Seats, Panoramic Sunroof      "," LED Headlights, Roof Rails, 20-inch Alloy Wheels          ",62700.0,4.7,1300.0
 Hyundai  , Sonata      ,2023, Sedan     ," Red, Silver, White            ", Gasoline  ,2.5,191,245.0, Automatic        ,7.6,130,29.0," ABS, Airbags, Forward Collision Warning, Lane Keeping Assist ", 10.25-inch Touchscreen Display    ," Leather Seats, Power Driver's Seat, Push Button Start     "," LED Daytime Running Lights, Alloy Wheels                   ",28450.0,4.8,2000.0
 Ford     , Mustang     ,2023, Coupe     ," Yellow, Black, Red            ", Gasoline  ,5.0,450,570.0, Manual            ,4.3,180,19.0," ABS, Airbags, Traction Control, Electronic Stability Control ", 12-inch SYNC 4 Infotainment System  ," Leather Seats, Power Driver's Seat, Ambient Lighting        "," LED Headlights, Rear Spoiler, Dual Exhaust                 ",42850.0,4.9,1800.0
 Toyota   , RAV4        ,2023, SUV       ," Blue, Silver, Green           ", Gasoline  ,2.5,203,243.0, Automatic        ,8.0,120,30.0," ABS, Airbags, Lane Tracing Assist, Blind Spot Monitoring  ", 7-inch Touchscreen Display        ," Cloth Seats, Keyless Entry, Dual-Zone Climate Control     "," LED Daytime Running Lights, Roof Rails                   ",29350.0,4.5,2500.0
 Audi     , A4          ,2023, Sedan     ," White, Gray, Black            ", Gasoline  ,2.0,201,350.0, Automatic        ,6.6,130,26.0," ABS, Airbags, Lane Departure Warning, Adaptive Cruise Control ", 10.1-inch MMI Touchscreen Display  ," Leather Seats, Heated Front Seats, Tri-Zone Climate Control "," LED Headlights, Sunroof, 18-inch Alloy Wheels              ",39900.0,4.6,2300.0
 GMC      , Sierra      ,2023, Truck     ," Red, Black, White             ", Gasoline  ,6.2,420,624.0, Automatic        ,5.7,140,17.0," ABS, Airbags, Trailer Brake Control, Rear View Camera    ", 12.3-inch Infotainment System      ," Leather Seats, Heated Front Seats, Power Tailgate         "," LED Taillights, Tow Hitch, 20-inch Alloy Wheels           ",51250.0,4.7,1000.0
 Honda    , CR-V        ,2023, SUV       ," Gray, Blue, Silver            ", Gasoline  ,1.5,190,240.0, CVT               ,7.5,130,32.0," ABS, Airbags, Collision Mitigation, Lane Keeping Assist ", 8-inch Display Audio System       ," Cloth Seats, Bluetooth Connectivity, Power Sunroof        "," LED Daytime Running Lights, Roof Rails                   ",31450.0,4.8,2700.0
 Subaru   , Outback     ,2023, Wagon     ," Green, Black, Gray            ", Gasoline  ,2.4,228,376.0, CVT               ,6.8,130,26.0," ABS, Airbags, Lane Departure Warning, Adaptive Cruise Control ", 11.6-inch Touchscreen Display    ," Leather Seats, Heated Front Seats, Power Liftgate          "," LED Headlights, Roof Rails, 18-inch Alloy Wheels           ",30895.0,4.6,1200.0
 Chevrolet, Camaro      ,2023, Coupe     ," Red, Black, Yellow            ", Gasoline  ,6.2,650,881.0, Automatic        ,3.5,190,17.0," ABS, Airbags, Traction Control, StabiliTrak             ", 9-inch Infotainment System       ," Leather Seats, Heated and Ventilated Front Seats          "," LED Headlights, Rear Spoiler, 20-inch Alloy Wheels        ",65590.0,4.9,1000.0
 Ford     , Escape      ,2023, SUV       ," Blue, White, Gray             ", Gasoline  ,2.0,250,380.0, Automatic        ,6.9,135,28.0," ABS, Airbags, Lane Keeping Assist, Rear View Camera     ", 10.1-inch SYNC 3 Infotainment System ," Cloth Seats, Keyless Entry, Power Liftgate                "," LED Taillights, Roof Rails, 18-inch Alloy Wheels           ",28895.0,4.7,2600.0
 Mazda    , CX-5        ,2023, SUV       ," Red, Silver, Black            ", Gasoline  ,2.5,187,251.0, Automatic        ,8.1,129,29.0," ABS, Airbags, Blind Spot Monitor, Rear Cross Traffic Alert ", 10.25-inch Infotainment Display   ," Leather Seats, Heated Front Seats, Power Sunroof          "," LED Headlights, Roof Rails, 19-inch Alloy Wheels           ",30545.0,4.8,2300.0
 Kia      , Sorento     ,2023, SUV       ," Silver, Black, Blue           ", Gasoline  ,2.5,191,245.0, Automatic        ,7.7,126,27.0," ABS, Airbags, Forward Collision Warning, Rear View Camera  ", 8-inch Touchscreen Display        ," Leather Seats, Heated Front Seats, Power Tailgate          "," LED Headlights, Roof Rails, 18-inch Alloy Wheels           ",32350.0,4.6,1500.0
 Mercedes , C-Class     ,2023, Sedan     ," Black, Blue, White            ", Gasoline  ,2.0,255,370.0, Automatic        ,5.9,155,25.0," ABS, Airbags, Lane Departure Warning, Adaptive Cruise Control ", 12.3-inch Digital Instrument Cluster ," Leather Seats, Heated Front Seats, Panoramic Sunroof      "," LED Headlights, Alloy Wheels, Power Trunk                ",42600.0,4.8,1200.0
 Jeep     , Wrangler    ,2023, SUV       ," Gray, Green, Red              ", Gasoline  ,3.6,285,353.0, Automatic        ,7.3,125,20.0," ABS, Airbags, Hill Start Assist, Electronic Roll Mitigation ", 8.4-inch Uconnect Infotainment     ," Cloth Seats, Keyless Entry, Removable Top                  "," LED Headlights, Tow Hooks, 17-inch Alloy Wheels            ",38950.0,4.7,1800.0
 Volkswagen, Jetta      ,2023, Sedan     ," White, Black, Silver          ", Gasoline  ,1.4,147,250.0, Automatic        ,8.4,130,33.0," ABS, Airbags, Blind Spot Monitor, Rear View Camera        ", 8-inch Touchscreen Display        ," Cloth Seats, Keyless Entry, Power Windows                 "," LED Headlights, 16-inch Alloy Wheels                       ",22495.0,4.6,2500.0
 Volvo    , XC60        ,2023, SUV       ," Silver, White, Gray           ", Gasoline  ,2.0,250,350.0, Automatic        ,6.4,140,24.0," ABS, Airbags, Lane Departure Warning, Blind Spot Monitoring ", 9-inch Touchscreen Display        ," Leather Seats, Heated Front Seats, Panoramic Sunroof       "," LED Headlights, Roof Rails, 19-inch Alloy Wheels           ",45450.0,4.9,1000.0
 Subaru   , Forester    ,2023, SUV       ," Black, Red, Blue              ", Gasoline  ,2.5,182,239.0, CVT               ,8.2,120,29.0," ABS, Airbags, Lane Departure Warning, Adaptive Cruise Control ", 8-inch Touchscreen Display        ," Cloth Seats, Power Mirrors, Keyless Entry                 "," LED Daytime Running Lights, Roof Rails, 17-inch Alloy Wheels ",26995.0,4.6,2400.0
 Toyota   , Highlander  ,2023, SUV       ," White, Silver, Black          ", Gasoline  ,3.5,295,356.0, Automatic        ,6.9,115,25.0," ABS, Airbags, Lane Departure Warning, Blind Spot Monitoring ", 8-inch Touchscreen Display        ," Cloth Seats, Power Windows, Keyless Entry                 "," LED Headlights, Roof Rails, 18-inch Alloy Wheels           ",36085.0,4.7,1900.0
 Ford     , Explorer    ,2023, SUV       ," Red, Black, Gray              ", Gasoline  ,2.3,300,420.0, Automatic        ,6.8,130,27.0," ABS, Airbags, Blind Spot Monitor, Rear Cross Traffic Alert ", 12-inch Touchscreen Display       ," Cloth Seats, Keyless Entry, Power Tailgate                "," LED Headlights, Roof Rails, 20-inch Alloy Wheels           ",37775.0,4.8,1800.0
 Chevrolet, Corvette    ,2023, Coupe     ," Red, Black, White             ", Gasoline  ,6.2,490,630.0, Automatic        ,3.0,190,20.0," ABS, Airbags, Performance Traction Management, Rear View Camera ", 10.2-inch Infotainment System     ," Leather Seats, Power Driver's Seat, Bose Premium Audio     "," LED Headlights, Rear Spoiler, 19-inch Alloy Wheels         ",67590.0,4.9,1300.0
 Ford     , Expedition  ,2023, SUV       ," Blue, White, Silver           ", Gasoline  ,3.5,400,650.0, Automatic        ,5.7,120,22.0," ABS, Airbags, Blind Spot Information System, Rear Cross Traffic Alert ", 12.3-inch SYNC 4 Infotainment System  ," Leather Seats, Heated Front Seats, Power Fold Third-Row Seats "," LED Headlights, Roof Rails, 22-inch Alloy Wheels          ",54500.0,4.8,800.0
 Hyundai  , Tucson      ,2023, SUV       ," Silver, Gray, Black           ", Gasoline  ,2.5,187,241.0, Automatic        ,7.8,126,28.0," ABS, Airbags, Forward Collision-Avoidance Assist, Rear View Camera ", 10.25-inch Touchscreen Display   ," Cloth Seats, Keyless Entry, Wireless Smartphone Charging "," LED Daytime Running Lights, 17-inch Alloy Wheels           ",27500.0,4.6,1500.0
 GMC      , Yukon       ,2023, SUV       ," Black, White, Gray            ", Gasoline  ,5.3,355,519.0, Automatic        ,7.0,120,20.0," ABS, Airbags, Lane Keep Assist, Blind Zone Alert            ", 10.2-inch Infotainment Display     ," Leather Seats, Heated Front Seats, Power Tailgate         "," LED Headlights, Roof Rails, 20-inch Alloy Wheels           ",51850.0,4.7,1200.0
 Audi     , Q5          ,2023, SUV       ," Gray, Blue, Black             ", Gasoline  ,2.0,261,370.0, Automatic        ,5.9,135,27.0," ABS, Airbags, Audi Pre Sense City, Lane Departure Warning   ", 10.1-inch MMI Touchscreen Display ," Leather Seats, Heated Front Seats, Panoramic Sunroof      "," LED Headlights, 18-inch Alloy Wheels                      ",43200.0,4.8,1400.0
 Kia      , Telluride   ,2023, SUV       ," Black, Gray, White            ", Gasoline  ,3.8,291,355.0, Automatic        ,7.2,130,21.0," ABS, Airbags, Forward Collision Avoidance Assist, Blind Spot View Monitor ", 12.3-inch Touchscreen Display    ," Leather Seats, Heated Front Seats, Power Liftgate          "," LED Headlights, Roof Rails, 20-inch Alloy Wheels           ",38500.0,4.7,1800.0
 Mercedes , GLC-Class   ,2023, SUV       ," White, Black, Silver          ", Gasoline  ,2.0,255,370.0, Automatic        ,6.0,140,24.0," ABS, Airbags, Active Brake Assist, Lane Keeping Assist       ", 10.25-inch Digital Instrument Cluster ," Leather Seats, Heated Front Seats, Power Liftgate          "," LED Headlights, Roof Rails, 19-inch Alloy Wheels           ",43900.0,4.9,1200.0
 Jeep     , Grand Cherokee ,2023, SUV    ," Gray, Red, Blue              ", Gasoline  ,3.6,295,348.0, Automatic        ,7.2,130,26.0," ABS, Airbags, Blind Spot Monitoring, Rear Cross Path Detection ", 8.4-inch Uconnect Infotainment     ," Leather Seats, Heated Front Seats, Power Liftgate          "," LED Headlights, Roof Rails, 18-inch Alloy Wheels           ",36750.0,4.7,1600.0
 Volkswagen , Taos       ,2023, SUV      ," Silver, Blue, Black           ", Gasoline  ,1.5,158,250.0, Automatic        ,8.9,124,32.0," ABS, Airbags, Lane Keeping System, Rear Traffic Alert         ", 8-inch Touchscreen Display        ," Cloth Seats, Keyless Entry, Wireless Smartphone Charger   "," LED Headlights, 17-inch Alloy Wheels                       ",23900.0,4.7,2300.0
 Nissan   , Pathfinder  ,2023, SUV       ," Blue, White, Black            ", Gasoline  ,3.5,284,351.0, Automatic        ,7.3,120,23.0," ABS, Airbags, Rear Automatic Braking, Rear Cross Traffic Alert ", 8-inch Touchscreen Display        ," Cloth Seats, Power Windows, Tri-Zone Automatic Climate Control "," LED Headlights, Roof Rails, 18-inch Alloy Wheels          ",33000.0,4.7,1400.0
 Subaru   , Crosstrek  ,2023, SUV       ," Orange, Black, White          ", Gasoline  ,2.5,182,239.0, CVT               ,8.4,130,29.0," ABS, Airbags, EyeSight Driver Assist, Rear Vision Camera     ", 8-inch Touchscreen Display        ," Cloth Seats, Keyless Access, Power Sunroof                "," LED Daytime Running Lights, Roof Rails, 17-inch Alloy Wheels ",27495.0,4.6,2000.0
 Toyota   , 4Runner     ,2023, SUV       ," Black, White, Silver          ", Gasoline  ,4.0,270,278.0, Automatic        ,7.5,115,19.0," ABS, Airbags, Hill Start Assist Control, Trailer-Sway Control ", 8-inch Touchscreen Display        ," Cloth Seats, Keyless Entry, Power Rear Window              "," LED Headlights, Roof Rails, 17-inch Alloy Wheels          ",36585.0,4.6,1100.0
 Ford     , Edge        ,2023, SUV       ," White, Gray, Blue             ", Gasoline  ,2.0,250,379.0, Automatic        ,7.3,130,25.0," ABS, Airbags, Ford Co-Pilot360, Lane-Keeping System         ", 12-inch SYNC 4 Infotainment System  ," Cloth Seats, Power Windows, Dual-Zone Climate Control      "," LED Headlights, Roof Rails, 18-inch Alloy Wheels           ",32650.0,4.8,1800.0
 Chevrolet, Equinox     ,2023, SUV       ," Black, Red, Silver            ", Gasoline  ,1.5,170,275.0, Automatic        ,8.8,125,29.0," ABS, Airbags, Lane Keep Assist, Forward Collision Alert      ", 8-inch Infotainment System        ," Cloth Seats, Keyless Entry, Power Windows                 "," LED Daytime Running Lights, 17-inch Alloy Wheels          ",27900.0,4.6,1900.0
 Honda    , HR-V        ,2023, SUV       ," Green, White, Gray            ", Gasoline  ,1.8,141,172.0, CVT               ,10.2,120,31.0," ABS, Airbags, Collision Mitigation Braking System, Lane Keeping Assist ", 7-inch Display Audio System       ," Cloth Seats, Power Mirrors, Keyless Entry                "," LED Daytime Running Lights, 17-inch Alloy Wheels          ",24650.0,4.5,2200.0
 Mercedes , S-Class     ,2023, Sedan     ," Black, Silver, White          ", Gasoline  ,3.0,429,520.0, Automatic        ,4.7,155,23.0," ABS, Airbags, Active Distance Assist, Traffic Sign Assist    ", 12.8-inch OLED Infotainment Screen ," Leather Seats, Heated and Ventilated Front Seats, Power Rear Window "," LED Headlights, Panoramic Sunroof, 20-inch Alloy Wheels ",99950.0,4.9,400.0
 Jeep     , Compass     ,2023, SUV       ," Red, White, Black            ", Gasoline  ,2.4,177,237.0, Automatic        ,9.1,125,29.0," ABS, Airbags, Hill Start Assist, ParkView Rear Back-Up Camera ", 8.4-inch Uconnect Infotainment     ," Cloth Seats, Keyless Entry, Dual-Zone Automatic Climate Control "," LED Headlights, Roof Rails, 18-inch Alloy Wheels         ",26350.0,4.7,2200.0
 Volkswagen , Atlas      ,2023, SUV       ," Silver, Blue, White           ", Gasoline  ,2.0,235,350.0, Automatic        ,7.6,130,22.0," ABS, Airbags, Lane Assist, Rear Traffic Alert                ", 8-inch Touchscreen Display        ," Cloth Seats, Power Mirrors, Keyless Entry                 "," LED Headlights, Roof Rails, 18-inch Alloy Wheels           ",33450.0,4.7,1800.0
 Nissan   , Sentra      ,2023, Sedan     ," Red, Black, Blue              ", Gasoline  ,2.0,149,198.0, CVT               ,8.7,125,35.0," ABS, Airbags, Intelligent Forward Collision Warning          ", 7-inch Touchscreen Display        ," Cloth Seats, Power Windows, Keyless Entry                 "," LED Daytime Running Lights, 16-inch Alloy Wheels          ",20450.0,4.6,2600.0
 Subaru   , Legacy      ,2023, Sedan     ," Gray, Blue, Black             ", Gasoline  ,2.4,228,376.0, CVT               ,6.1,130,35.0," ABS, Airbags, EyeSight Driver Assist Technology, Rear Vision Camera ", 11.6-inch Touchscreen Display    ," Cloth Seats, Power Driver's Seat, Keyless Access         "," LED Headlights, Alloy Wheels, Power Sunroof              ",26245.0,4.7,1500.0
 Lexus    , RX          ,2023, SUV       ," White, Silver, Black          ", Gasoline  ,3.5,295,267.0, Automatic        ,7.7,120,24.0," ABS, Airbags, Lexus Safety System+ 2.5, Rear Cross-Traffic Alert ", 8-inch Touchscreen Display        ," Leather Seats, Power Front Seats, Keyless Entry         "," LED Headlights, Roof Rails, 18-inch Alloy Wheels         ",46800.0,4.8,1200.0
 BMW      , 5 Series    ,2023, Sedan     ," Black, Gray, White            ", Gasoline  ,2.0,248,350.0, Automatic        ,6.0,130,27.0," ABS, Airbags, Active Driving Assistant, Parking Assistant Plus ", 12.3-inch Digital Instrument Cluster ," Leather Seats, Heated Front Seats, Power Tailgate         "," LED Headlights, Alloy Wheels, Power Sunroof              ",54700.0,4.8,800.0
 Mazda    , Mazda6      ,2023, Sedan     ," White, Black, Gray            ", Gasoline  ,2.5,187,251.0, Automatic        ,8.1,130,31.0," ABS, Airbags, Blind Spot Monitoring, Rear Cross Traffic Alert ", 8-inch Infotainment System        ," Leather Seats, Power Driver's Seat, Keyless Entry        "," LED Headlights, Alloy Wheels, Power Sunroof              ",27550.0,4.7,1300.0
 Toyota   , Tacoma      ,2023, Truck     ," Red, Black, Silver            ", Gasoline  ,3.5,278,359.0, Automatic        ,7.2,120,21.0," ABS, Airbags, Toyota Safety Sense P, Rear Parking Assist Sonar ", 7-inch Touchscreen Display        ," Cloth Seats, Keyless Entry, Power Windows                 "," LED Taillights, Deck Rail System, 16-inch Alloy Wheels   ",35950.0,4.8,1800.0
 Audi     , Q7          ,2023, SUV       ," Black, Gray, White            ", Gasoline  ,3.0,335,500.0, Automatic        ,5.7,130,21.0," ABS, Airbags, Audi Pre Sense Front, Audi Side Assist         ", 10.1-inch MMI Touchscreen Display ," Leather Seats, Heated Front Seats, Power Tailgate         "," LED Headlights, Roof Rails, 20-inch Alloy Wheels         ",54800.0,4.8,1100.0
 Ford     , Bronco      ,2023, SUV       ," Blue, Black, Gray             ", Gasoline  ,2.7,310,542.0, Automatic        ,5.9,120,22.0," ABS, Airbags, AdvanceTrac with RSC, Trail Control            ", 8-inch SYNC 4A Infotainment System ," Cloth Seats, Keyless Entry, Power Front Windows           "," LED Headlights, Removable Top, 17-inch Alloy Wheels      ",33790.0,4.8,1900.0
 Honda    , Odyssey     ,2023, Minivan   ," Gray, White, Silver           ", Gasoline  ,3.5,280,355.0, Automatic        ,6.6,120,22.0," ABS, Airbags, Honda Sensing, Rear Cross Traffic Monitor       ", 8-inch Display Audio System       ," Cloth Seats, Power Front Seats, Keyless Entry            "," LED Headlights, Power Sliding Doors, 18-inch Alloy Wheels ",36500.0,4.7,1500.0
 Kia      , Sportage    ,2023, SUV       ," Black, Silver, Red            ", Gasoline  ,2.4,181,237.0, Automatic        ,8.3,120,26.0," ABS, Airbags, Forward Collision-Avoidance Assist, Lane Keeping Assist ", 8-inch Touchscreen Display        ," Cloth Seats, Power Mirrors, Keyless Entry                 "," LED Daytime Running Lights, 17-inch Alloy Wheels          ",25000.0,4.6,2200.0
 Chevrolet, Bolt EUV    ,2023, SUV       ," Silver, Blue, Black           ", Electric  ,,200,360.0, Automatic        ,6.5,120,110.0," ABS, Airbags, HD Rear Vision Camera, Lane Keep Assist with Lane Departure Warning ", 10.2-inch Infotainment Display     ," Cloth Seats, Keyless Entry, Wireless Smartphone Charging "," LED Headlights, Roof Rails, 17-inch Alloy Wheels          ",33995.0,4.9,900.0
 Toyota   , Prius       ,2023, Hatchback ," Blue, White, Gray             ", Hybrid    ,1.8,96,, CVT               ,10.1,115,50.0," ABS, Airbags, Pre-Collision System, Lane Departure Alert    ", 7-inch Touchscreen Display        ," Cloth Seats, Keyless Entry, Push Button Start            "," LED Headlights, 15-inch Alloy Wheels                      ",27900.0,4.7,1200.0
 GMC      , Acadia      ,2023, SUV       ," Red, Black, White             ", Gasoline  ,2.0,228,349.0, Automatic        ,7.5,130,23.0," ABS, Airbags, Lane Keep Assist, Rear Cross Traffic Alert ", 8-inch Infotainment System        ," Cloth Seats, Keyless Entry, Power Liftgate                "," LED Headlights, Roof Rails, 18-inch Alloy Wheels           ",33900.0,4.7,1500.0
 Lexus    , NX          ,2023, SUV       ," Silver, Black, Blue           ", Gasoline  ,2.4,275,317.0, Automatic        ,6.8,120,26.0," ABS, Airbags, Lexus Safety System+ 3.5, Rear Cross-Traffic Alert ", 8-inch Touchscreen Display        ," Leather Seats, Power Front Seats, Keyless Entry         "," LED Headlights, Roof Rails, 18-inch Alloy Wheels         ",37510.0,4.8,1100.0
 Ford     , Mustang     ,2023, Coupe     ," Red, Black, Blue              ", Gasoline  ,2.3,310,350.0, Automatic        ,5.2,155,22.0," ABS, Airbags, AdvanceTrac Electronic Stability Control       ", 12-inch Digital Instrument Cluster ," Cloth Seats, Power Driver's Seat, Keyless Entry         "," LED Headlights, Rear Spoiler, 18-inch Alloy Wheels        ",28700.0,4.8,1500.0
 Toyota   , Sienna      ,2023, Minivan   ," White, Gray, Black            ", Gasoline  ,2.5,245,263.0, Automatic        ,7.8,115,35.0," ABS, Airbags, Toyota Safety Sense 2.5+, Rear Parking Assist Sonar ", 9-inch Touchscreen Display        ," Cloth Seats, Power Front Seats, Keyless Entry         "," LED Daytime Running Lights, Dual Power Sliding Doors, 17-inch Alloy Wheels ",34750.0,4.7,1900.0
 Honda    , Civic       ,2023, Sedan     ," Red, Black, Silver            ", Gasoline  ,2.0,158,138.0, CVT               ,8.2,120,36.0," ABS, Airbags, Collision Mitigation Braking System, Lane Keeping Assist ", 7-inch Touchscreen Display        ," Cloth Seats, Power Windows, Keyless Entry                 "," LED Daytime Running Lights, 16-inch Alloy Wheels          ",21700.0,4.7,2300.0
 Subaru   , Ascent      ,2023, SUV       ," Blue, Black, White            ", Gasoline  ,2.4,260,277.0, CVT               ,7.3,120,22.0," ABS, Airbags, EyeSight Driver Assist Technology, Rear Vision Camera ", 6.5-inch Multimedia Plus Display  ," Cloth Seats, Keyless Entry, Three-Zone Automatic Climate Control "," LED Headlights, Roof Rails, 18-inch Alloy Wheels         ",33420.0,4.7,1800.0
 Nissan   , Versa       ,2023, Sedan     ," White, Gray, Black            ", Gasoline  ,1.6,122,114.0, CVT               ,9.9,115,35.0," ABS, Airbags, Automatic Emergency Braking, Lane Departure Warning ", 7-inch Touchscreen Display        ," Cloth Seats, Keyless Entry, Push Button Start            "," LED Daytime Running Lights, 16-inch Alloy Wheels          ",19490.0,4.6,2100.0
 Chevrolet, Trax        ,2023, SUV       ," Silver, Red, Black            ", Gasoline  ,1.4,138,148.0, Automatic        ,9.3,120,31.0," ABS, Airbags, StabiliTrak Electronic Stability Control, Rear Vision Camera ", 7-inch Infotainment System        ," Cloth Seats, Keyless Entry, Power Mirrors                 "," LED Daytime Running Lights, 16-inch Alloy Wheels          ",22595.0,4.6,2400.0
 Hyundai  , Sonata      ,2023, Sedan     ," White, Gray, Black            ", Gasoline  ,2.5,191,182.0, Automatic        ,7.8,120,38.0," ABS, Airbags, Forward Collision-Avoidance Assist, Lane Keeping Assist ", 8-inch Touchscreen Display        ," Cloth Seats, Power Front Seats, Keyless Entry         "," LED Headlights, 16-inch Alloy Wheels                      ",26650.0,4.7,2100.0
 Lexus    , IS          ,2023, Sedan     ," Silver, Black, White          ", Gasoline  ,2.4,275,317.0, Automatic        ,6.6,130,27.0," ABS, Airbags, Lexus Safety System+ 3.5, Rear Cross-Traffic Alert ", 8-inch Touchscreen Display        ," Leather Seats, Power Front Seats, Keyless Entry         "," LED Headlights, 18-inch Alloy Wheels                      ",41050.0,4.8,1000.0
 Ford     , Ranger      ,2023, Truck     ," Red, Black, Gray              ", Gasoline  ,2.3,270,310.0, Automatic        ,6.8,120,21.0," ABS, Airbags, AdvanceTrac with Roll Stability Control         ", 8-inch SYNC 3 Infotainment System ," Cloth Seats, Keyless Entry, Power Mirrors                 "," LED Taillights, Bedliner, 16-inch Alloy Wheels            ",28570.0,4.7,1400.0
 Toyota   , Tundra      ,2023, Truck     ," White, Gray, Black            ", Gasoline  ,3.5,389,479.0, Automatic        ,4.9,120,16.0," ABS, Airbags, Toyota Safety Sense P, Rear Parking Assist Sonar ", 8-inch Touchscreen Display        ," Cloth Seats, Keyless Entry, Power Windows                 "," LED Headlights, Bedliner, 18-inch Alloy Wheels            ",42700.0,4.7,1800.0
 Kia      , Carnival    ,2023, Minivan   ," Gray, Black, White            ", Gasoline  ,3.5,290,262.0, Automatic        ,7.5,120,22.0," ABS, Airbags, Forward Collision Avoidance Assist, Lane Keeping Assist ", 8-inch Touchscreen Display        ," Cloth Seats, Power Front Seats, Keyless Entry         "," LED Headlights, Dual Power Sliding Doors, 19-inch Alloy Wheels ",35600.0,4.8,1700.0
 Subaru   , Outback     ,2023, SUV       ," Blue, Black, Silver           ", Gasoline  ,2.4,228,375.0, CVT               ,7.0,120,26.0," ABS, Airbags, EyeSight Driver Assist Technology, Rear Vision Camera ", 11.6-inch Touchscreen Display    ," Cloth Seats, Power Driver's Seat, Keyless Entry         "," LED Headlights, Roof Rails, 18-inch Alloy Wheels         ",31945.0,4.7,1600.0
 Nissan   , Frontier    ,2023, Truck     ," Red, Black, Gray              ", Gasoline  ,3.8,310,281.0, Automatic        ,6.4,120,19.0," ABS, Airbags, Nissan Safety Shield 360, RearView Monitor      ", 8-inch Touchscreen Display        ," Cloth Seats, Keyless Entry, Power Windows                 "," LED Headlights, Bedliner, 17-inch Alloy Wheels            ",28950.0,4.6,2000.0
 Hyundai  , Venue       ,2023, SUV       ," Black, Gray, White            ", Gasoline  ,1.6,121,113.0, CVT               ,10.1,115,35.0," ABS, Airbags, Forward Collision-Avoidance Assist, Lane Keeping Assist ", 8-inch Touchscreen Display        ," Cloth Seats, Keyless Entry, Power Windows                 "," LED Daytime Running Lights, 17-inch Alloy Wheels          ",20400.0,4.6,2300.0
 Genesis  , GV80        ,2023, SUV       ," Gray, White, Black            ", Gasoline  ,2.5,300,311.0, Automatic        ,6.9,120,25.0," ABS, Airbags, Forward Collision Avoidance-Assist with Pedestrian Detection ", 14.5-inch Infotainment System    ," Leather Seats, Power Front Seats, Keyless Entry         "," LED Headlights, Roof Rails, 20-inch Alloy Wheels         ",47700.0,4.8,900.0
 Chevrolet, Camaro      ,2023, Coupe     ," Red, Black, White             ", Gasoline  ,2.0,275,295.0, Automatic        ,5.2,155,23.0," ABS, Airbags, StabiliTrak Electronic Stability Control       ", 8-inch Infotainment System        ," Cloth Seats, Power Driver's Seat, Keyless Entry         "," LED Headlights, Rear Spoiler, 18-inch Alloy Wheels        ",25000.0,4.7,1600.0
 Honda    , Fit         ,2023, Hatchback ," Blue, Black, Gray             ", Gasoline  ,1.5,128,139.0, CVT               ,8.8,115,36.0," ABS, Airbags, Collision Mitigation Braking System, Road Departure Mitigation ", 7-inch Touchscreen Display        ," Cloth Seats, Keyless Entry, Push Button Start            "," LED Daytime Running Lights, 16-inch Alloy Wheels          ",17600.0,4.6,2400.0
 Ford     , Maverick    ,2023, Truck     ," Red, Black, Gray              ", Gasoline  ,2.5,191,155.0, Automatic        ,8.7,130,37.0," ABS, Airbags, Ford Co-Pilot360, Rear View Camera           ", 8-inch Touchscreen Display        ," Cloth Seats, Keyless Entry, Power Mirrors                 "," LED Taillights, Bedliner, 17-inch Alloy Wheels            ",21820.0,4.8,1700.0
 Toyota   , Camry       ,2023, Sedan     ," White, Gray, Black            ", Gasoline  ,2.5,206,186.0, Automatic        ,8.1,120,39.0," ABS, Airbags, Toyota Safety Sense 2.5+, Rear Cross Traffic Alert ", 7-inch Touchscreen Display        ," Cloth Seats, Power Front Seats, Keyless Entry         "," LED Headlights, Alloy Wheels, Power Sunroof              ",26170.0,4.7,1600.0
 Kia      , Soul        ,2023, Hatchback ," Black, Gray, White            ", Gasoline  ,2.0,147,132.0, CVT               ,9.9,115,32.0," ABS, Airbags, Forward Collision Avoidance Assist, Lane Keeping Assist ", 8-inch Touchscreen Display        ," Cloth Seats, Power Windows, Keyless Entry                 "," LED Daytime Running Lights, 17-inch Alloy Wheels          ",21490.0,4.6,2200.0
 Chevrolet, Corvette    ,2023, Convertible ," Red, Black, White          ", Gasoline  ,6.2,490,470.0, Automatic        ,3.1,190,21.0," ABS, Airbags, Performance Traction Management, Rear View Camera ", 10.2-inch Infotainment System     ," Leather Seats, Power Driver's Seat, Bose Premium Audio     "," LED Headlights, Rear Spoiler, 19-inch Alloy Wheels         ",75590.0,4.9,1000.0
 Ford     , Explorer    ,2023, SUV       ," Blue, White, Silver           ", Gasoline  ,2.3,300,420.0, Automatic        ,6.8,130,27.0," ABS, Airbags, Blind Spot Monitor, Rear Cross Traffic Alert ", 12-inch Touchscreen Display       ," Cloth Seats, Keyless Entry, Power Tailgate                "," LED Headlights, Roof Rails, 20-inch Alloy Wheels           ",37775.0,4.8,1800.0
 Chevrolet, Bolt EUV    ,2023, SUV       ," Silver, Blue, Black           ", Electric  ,,200,360.0, Automatic        ,6.5,120,110.0," ABS, Airbags, HD Rear Vision Camera, Lane Keep Assist with Lane Departure Warning ", 10.2-inch Infotainment Display     ," Cloth Seats, Keyless Entry, Wireless Smartphone Charging "," LED Headlights, Roof Rails, 17-inch Alloy Wheels          ",33995.0,4.9,900.0
 Toyota   , Prius       ,2023, Hatchback ," Blue, White, Gray             ", Hybrid    ,1.8,96,, CVT               ,10.1,115,50.0," ABS, Airbags, Pre-Collision System, Lane Departure Alert    ", 7-inch Touchscreen Display        ," Cloth Seats, Keyless Entry, Push Button Start            "," LED Headlights, 15-inch Alloy Wheels                      ",27900.0,4.7,1200.0
 GMC      , Acadia      ,2023, SUV       ," Red, Black, White             ", Gasoline  ,2.0,228,349.0, Automatic        ,7.5,130,23.0," ABS, Airbags, Lane Keep Assist, Rear Cross Traffic Alert ", 8-inch Infotainment System        ," Cloth Seats, Keyless Entry, Power Liftgate                "," LED Headlights, Roof Rails, 18-inch Alloy Wheels           ",33900.0,4.7,1600.0
 Hyundai  , Venue       ,2023, SUV       ," Black, Gray, White            ", Gasoline  ,1.6,121,113.0, CVT               ,10.1,115,35.0," ABS, Airbags, Forward Collision-Avoidance Assist, Lane Keeping Assist ", 8-inch Touchscreen Display        ," Cloth Seats, Keyless Entry, Power Windows                 "," LED Daytime Running Lights, 17-inch Alloy Wheels          ",20400.0,4.6,2300.0
 Genesis  , GV80        ,2023, SUV       ," Gray, White, Black            ", Gasoline  ,2.5,300,311.0, Automatic        ,6.9,120,25.0," ABS, Airbags, Forward Collision Avoidance-Assist with Pedestrian Detection ", 14.5-inch Infotainment System    ," Leather Seats, Power Front Seats, Keyless Entry         "," LED Headlights, Roof Rails, 20-inch Alloy Wheels         ",47700.0,4.8,900.0
 Chevrolet, Camaro      ,2023, Coupe     ," Red, Black, White             ", Gasoline  ,2.0,275,295.0, Automatic        ,5.2,155,23.0," ABS, Airbags, StabiliTrak Electronic Stability Control       ", 8-inch Infotainment System        ," Cloth Seats, Power Driver's Seat, Keyless Entry         "," LED Headlights, Rear Spoiler, 18-inch Alloy Wheels        ",25000.0,4.7,1600.0
 Honda    , Fit         ,2023, Hatchback ," Blue, Black, Gray             ", Gasoline  ,1.5,128,139.0, CVT               ,8.8,115,36.0," ABS, Airbags, Collision Mitigation Braking System, Road Departure Mitigation ", 7-inch Touchscreen Display        ," Cloth Seats, Keyless Entry, Push Button Start            "," LED Daytime Running Lights, 16-inch Alloy Wheels          ",17600.0,4.6,2400.0
 Ford     , Maverick    ,2023, Truck     ," Red, Black, Gray              ", Gasoline  ,2.5,191,155.0, Automatic        ,8.7,130,37.0," ABS, Airbags, Ford Co-Pilot360, Rear View Camera           ", 8-inch Touchscreen Display        ," Cloth Seats, Keyless Entry, Power Mirrors                 "," LED Taillights, Bedliner, 17-inch Alloy Wheels            ",21820.0,4.8,1700.0
 Toyota   , Camry       ,2023, Sedan     ," White, Gray, Black            ", Gasoline  ,2.5,206,186.0, Automatic        ,8.1,120,39.0," ABS, Airbags, Toyota Safety Sense 2.5+, Rear Cross Traffic Alert ", 7-inch Touchscreen Display        ," Cloth Seats, Power Front Seats, Keyless Entry         "," LED Headlights, Alloy Wheels, Power Sunroof              ",26170.0,4.7,1600.0
 Kia      , Soul        ,2023, Hatchback ," Black, Gray, White            ", Gasoline  ,2.0,147,132.0, CVT               ,9.9,115,32.0," ABS, Airbags, Forward Collision Avoidance Assist, Lane Keeping Assist ", 8-inch Touchscreen Display        ," Cloth Seats, Power Windows, Keyless Entry                 "," LED Daytime Running Lights, 17-inch Alloy Wheels          ",21490.0,4.6,2200.0
 Chevrolet, Corvette    ,2023, Convertible ," Red, Black, White          ", Gasoline  ,6.2,490,470.0, Automatic        ,3.1,190,21.0," ABS, Airbags, Performance Traction Management, Rear View Camera ", 10.2-inch Infotainment System     ," Leather Seats, Power Driver's Seat, Bose Premium Audio     "," LED Headlights, Rear Spoiler, 19-inch Alloy Wheels         ",75590.0,4.9,1000.0
 Ford     , Explorer    ,2023, SUV       ," Blue, White, Silver           ", Gasoline  ,2.3,300,420.0, Automatic        ,6.8,130,27.0," ABS, Airbags, Blind Spot Monitor, Rear Cross Traffic Alert ", 12-inch Touchscreen Display       ," Cloth Seats, Keyless Entry, Power Tailgate                "," LED Headlights, Roof Rails, 20-inch Alloy Wheels           ",37775.0,4.8,1800.0
 Chevrolet, Bolt EUV    ,2023, SUV       ," Silver, Blue, Black           ", Electric  ,,200,360.0, Automatic        ,6.5,120,110.0," ABS, Airbags, HD Rear Vision Camera, Lane Keep Assist with Lane Departure Warning ", 10.2-inch Infotainment Display     ," Cloth Seats, Keyless Entry, Wireless Smartphone Charging "," LED Headlights, Roof Rails, 17-inch Alloy Wheels          ",33995.0,4.9,900.0
 Toyota   , Prius       ,2023, Hatchback ," Blue, White, Gray             ", Hybrid    ,1.8,96,, CVT               ,10.1,115,50.0," ABS, Airbags, Pre-Collision System, Lane Departure Alert    ", 7-inch Touchscreen Display        ," Cloth Seats, Keyless Entry, Push Button Start            "," LED Headlights, 15-inch Alloy Wheels                      ",27900.0,4.7,1200.0
 GMC      , Acadia      ,2023, SUV       ," Red, Black, White             ", Gasoline  ,2.0,228,349.0, Automatic        ,7.5,130,23.0," ABS, Airbags, Lane Keep Assist, Rear Cross Traffic Alert ", 8-inch Infotainment System        ," Cloth Seats, Keyless Entry, Power Liftgate                "," LED Headlights, Roof Rails, 18-inch Alloy Wheels           ",33900.0,4.7,1600.0
 Hyundai  , Venue       ,2023, SUV       ," Black, Gray, White            ", Gasoline  ,1.6,121,113.0, CVT               ,10.1,115,35.0," ABS, Airbags, Forward Collision-Avoidance Assist, Lane Keeping Assist ", 8-inch Touchscreen Display        ," Cloth Seats, Keyless Entry, Power Windows                 "," LED Daytime Running Lights, 17-inch Alloy Wheels          ",20400.0,4.6,2300.0
 Genesis  , GV80        ,2023, SUV       ," Gray, White, Black            ", Gasoline  ,2.5,300,311.0, Automatic        ,6.9,120,25.0," ABS, Airbags, Forward Collision Avoidance-Assist with Pedestrian Detection ", 14.5-inch Infotainment System    ," Leather Seats, Power Front Seats, Keyless Entry         "," LED Headlights, Roof Rails, 20-inch Alloy Wheels         ",47700.0,4.8,900.0
 Chevrolet, Camaro      ,2023, Coupe     ," Red, Black, White             ", Gasoline  ,2.0,275,295.0, Automatic        ,5.2,155,23.0," ABS, Airbags, StabiliTrak Electronic Stability Control       ", 8-inch Infotainment System        ," Cloth Seats, Power Driver's Seat, Keyless Entry         "," LED Headlights, Rear Spoiler, 18-inch Alloy Wheels        ",25000.0,4.7,1600.0
 Honda    , Fit         ,2023, Hatchback ," Blue, Black, Gray             ", Gasoline  ,1.5,128,139.0, CVT               ,8.8,115,36.0," ABS, Airbags, Collision Mitigation Braking System, Road Departure Mitigation ", 7-inch Touchscreen Display        ," Cloth Seats, Keyless Entry, Push Button Start            "," LED Daytime Running Lights, 16-inch Alloy Wheels          ",17600.0,4.6,2400.0
 Ford     , Maverick    ,2023, Truck     ," Red, Black, Gray              ", Gasoline  ,2.5,191,155.0, Automatic        ,8.7,130,37.0," ABS, Airbags, Ford Co-Pilot360, Rear View Camera           ", 8-inch Touchscreen Display        ," Cloth Seats, Keyless Entry, Power Mirrors                 "," LED Taillights, Bedliner, 17-inch Alloy Wheels            ",21820.0,4.8,1700.0
 Toyota   , Camry       ,2023, Sedan     ," White, Gray, Black            ", Gasoline  ,2.5,206,186.0, Automatic        ,8.1,120,39.0," ABS, Airbags, Toyota Safety Sense 2.5+, Rear Cross Traffic Alert ", 7-inch Touchscreen Display        ," Cloth Seats, Power Front Seats, Keyless Entry         "," LED Headlights, Alloy Wheels, Power Sunroof              ",26170.0,4.7,1600.0
 Kia      , Soul        ,2023, Hatchback ," Black, Gray, White            ", Gasoline  ,2.0,147,132.0, CVT               ,9.9,115,32.0," ABS, Airbags, Forward Collision Avoidance Assist, Lane Keeping Assist ", 8-inch Touchscreen Display        ," Cloth Seats, Power Windows, Keyless Entry                 "," LED Daytime Running Lights, 17-inch Alloy Wheels          ",21490.0,4.6,2200.0
 Chevrolet, Corvette    ,2023, Convertible ," Red, Black, White          ", Gasoline  ,6.2,490,470.0, Automatic        ,3.1,190,21.0," ABS, Airbags, Performance Traction Management, Rear View Camera ", 10.2-inch Infotainment System     ," Leather Seats, Power Driver's Seat, Bose Premium Audio     "," LED Headlights, Rear Spoiler, 19-inch Alloy Wheels         ",75590.0,4.9,1000.0
 Ford     , Explorer    ,2023, SUV       ," Blue, White, Silver           ", Gasoline  ,2.3,300,420.0, Automatic        ,6.8,130,27.0," ABS, Airbags, Blind Spot Monitor, Rear Cross Traffic Alert ", 12-inch Touchscreen Display       ," Cloth Seats, Keyless Entry, Power Tailgate                "," LED Headlights, Roof Rails, 20-inch Alloy Wheels           ",37775.0,4.8,1800.0
 Chevrolet, Bolt EUV    ,2023, SUV       ," Silver, Blue, Black           ", Electric  ,,200,360.0, Automatic        ,6.5,120,110.0," ABS, Airbags, HD Rear Wireless Smartphone Charging "," LED Headlights, Roof Rails, 17-inch Alloy Wheels          ","33,995", 4.9/5            ,900.0,,
 Toyota   , Prius       ,2023, Hatchback ," Blue, White, Gray             ", Hybrid    ,1.8,96,, CVT               ,10.1,115,50.0," ABS, Airbags, Pre-Collision System, Lane Departure Alert    ", 7-inch Touchscreen Display        ," Cloth Seats, Keyless Entry, Push Button Start            "," LED Headlights, 15-inch Alloy Wheels                      ",27900.0,4.7,1200.0
 GMC      , Acadia      ,2023, SUV       ," Red, Black, White             ", Gasoline  ,2.0,228,349.0, Automatic        ,7.5,130,23.0," ABS, Airbags, Lane Keep Assist, Rear Cross Traffic Alert ", 8-inch Infotainment System        ," Cloth Seats, Keyless Entry, Power Liftgate                "," LED Headlights, Roof Rails, 18-inch Alloy Wheels           ",33900.0,4.7,1600.0
 Hyundai  , Venue       ,2023, SUV       ," Black, Gray, White            ", Gasoline  ,1.6,121,113.0, CVT               ,10.1,115,35.0," ABS, Airbags, Forward Collision-Avoidance Assist, Lane Keeping Assist ", 8-inch Touchscreen Display        ," Cloth Seats, Keyless Entry, Power Windows                 "," LED Daytime Running Lights, 17-inch Alloy Wheels          ",20400.0,4.6,2300.0
 Genesis  , GV80        ,2023, SUV       ," Gray, White, Black            ", Gasoline  ,2.5,300,311.0, Automatic        ,6.9,120,25.0," ABS, Airbags, Forward Collision Avoidance-Assist with Pedestrian Detection ", 14.5-inch Infotainment System    ," Leather Seats, Power Front Seats, Keyless Entry         "," LED Headlights, Roof Rails, 20-inch Alloy Wheels         ",47700.0,4.8,900.0
 Chevrolet, Camaro      ,2023, Coupe     ," Red, Black, White             ", Gasoline  ,2.0,275,295.0, Automatic        ,5.2,155,23.0," ABS, Airbags, StabiliTrak Electronic Stability Control       ", 8-inch Infotainment System        ," Cloth Seats, Power Driver's Seat, Keyless Entry         "," LED Headlights, Rear Spoiler, 18-inch Alloy Wheels        ",25000.0,4.7,1600.0
 Honda    , Fit         ,2023, Hatchback ," Blue, Black, Gray             ", Gasoline  ,1.5,128,139.0, CVT               ,8.8,115,36.0," ABS, Airbags, Collision Mitigation Braking System, Road Departure Mitigation ", 7-inch Touchscreen Display        ," Cloth Seats, Keyless Entry, Push Button Start            "," LED Daytime Running Lights, 16-inch Alloy Wheels          ",17600.0,4.6,2400.0
 Ford     , Maverick    ,2023, Truck     ," Red, Black, Gray              ", Gasoline  ,2.5,191,155.0, Automatic        ,8.7,130,37.0," ABS, Airbags, Ford Co-Pilot360, Rear View Camera           ", 8-inch Touchscreen Display        ," Cloth Seats, Keyless Entry, Power Mirrors                 "," LED Taillights, Bedliner, 17-inch Alloy Wheels            ",21820.0,4.8,1700.0
 Toyota   , Camry       ,2023, Sedan     ," White, Gray, Black            ", Gasoline  ,2.5,206,186.0, Automatic        ,8.1,120,39.0," ABS, Airbags, Toyota Safety Sense 2.5+, Rear Cross Traffic Alert ", 7-inch Touchscreen Display        ," Cloth Seats, Power Front Seats, Keyless Entry         "," LED Headlights, Alloy Wheels, Power Sunroof              ",26170.0,4.7,1600.0
 Kia      , Soul        ,2023, Hatchback ," Black, Gray, White            ", Gasoline  ,2.0,147,132.0, CVT               ,9.9,115,32.0," ABS, Airbags, Forward Collision Avoidance Assist, Lane Keeping Assist ", 8-inch Touchscreen Display        ," Cloth Seats, Power Windows, Keyless Entry                 "," LED Daytime Running Lights, 17-inch Alloy Wheels          ",21490.0,4.6,2200.0
 Chevrolet, Corvette    ,2023, Convertible ," Red, Black, White          ", Gasoline  ,6.2,490,470.0, Automatic        ,3.1,190,21.0," ABS, Airbags, Performance Traction Management, Rear View Camera ", 10.2-inch Infotainment System     ," Leather Seats, Power Driver's Seat, Bose Premium Audio     "," LED Headlights, Rear Spoiler, 19-inch Alloy Wheels         ",75590.0,4.9,1000.0
 Ford     , Explorer    ,2023, SUV       ," Blue, White, Silver           ", Gasoline  ,2.3,300,420.0, Automatic        ,6.8,130,27.0," ABS, Airbags, Blind Spot Monitor, Rear Cross Traffic Alert ", 12-inch Touchscreen Display       ," Cloth Seats, Keyless Entry, Power Tailgate                "," LED Headlights, Roof Rails, 20-inch Alloy Wheels           ",37775.0,4.8,1800.0
 Chevrolet, Bolt EUV    ,2023, SUV       ," Silver, Blue, Black           ", Electric  ,,200,360.0, Automatic        ,6.5,120,110.0," ABS, Airbags, HD Rear Vision Camera, Lane Keep Assist with Lane Departure Warning ", 10.2-inch Infotainment Display     ," Cloth Seats, Keyless Entry, Wireless Smartphone Charging "," LED Headlights, Roof Rails, 17-inch Alloy Wheels          ",33995.0,4.9,900.0
 Toyota   , Prius       ,2023, Hatchback ," Blue, White, Gray             ", Hybrid    ,1.8,96,, CVT               ,10.1,115,50.0," ABS, Airbags, Pre-Collision System, Lane Departure Alert    ", 7-inch Touchscreen Display        ," Cloth Seats, Keyless Entry, Push Button Start            "," LED Headlights, 15-inch Alloy Wheels                      ",27900.0,4.7,1200.0
 GMC      , Acadia      ,2023, SUV       ," Red, Black, White             ", Gasoline  ,2.0,228,349.0, Automatic        ,7.5,130,23.0," ABS, Airbags, Lane Keep Assist, Rear Cross Traffic Alert ", 8-inch Infotainment System        ," Cloth Seats, Keyless Entry, Power Liftgate                "," LED Headlights, Roof Rails, 18-inch Alloy Wheels           ",33900.0,4.7,1600.0
 Hyundai  , Venue       ,2023, SUV       ," Black, Gray, White            ", Gasoline  ,1.6,121,113.0, CVT               ,10.1,115,35.0," ABS, Airbags, Forward Collision-Avoidance Assist, Lane Keeping Assist ", 8-inch Touchscreen Display        ," Cloth Seats, Keyless Entry, Power Windows                 "," LED Daytime Running Lights, 17-inch Alloy Wheels          ",20400.0,4.6,2300.0
 Genesis  , GV80        ,2023, SUV       ," Gray, White, Black            ", Gasoline  ,2.5,300,311.0, Automatic        ,6.9,120,25.0," ABS, Airbags, Forward Collision Avoidance-Assist with Pedestrian Detection ", 14.5-inch Infotainment System    ," Leather Seats, Power Front Seats, Keyless Entry         "," LED Headlights, Roof Rails, 20-inch Alloy Wheels         ",47700.0,4.8,900.0
 Chevrolet, Camaro      ,2023, Coupe     ," Red, Black, White             ", Gasoline  ,2.0,275,295.0, Automatic        ,5.2,155,23.0," ABS, Airbags, StabiliTrak Electronic Stability Control       ", 8-inch Infotainment System        ," Cloth Seats, Power Driver's Seat, Keyless Entry         "," LED Headlights, Rear Spoiler, 18-inch Alloy Wheels        ",25000.0,4.7,1600.0
 Honda    , Fit         ,2023, Hatchback ," Blue, Black, Gray             ", Gasoline  ,1.5,128,139.0, CVT               ,8.8,115,36.0," ABS, Airbags, Collision Mitigation Braking System, Road Departure Mitigation ", 7-inch Touchscreen Display        ," Cloth Seats, Keyless Entry, Push Button Start            "," LED Daytime Running Lights, 16-inch Alloy Wheels          ",17600.0,4.6,2400.0
 Ford     , Maverick    ,2023, Truck     ," Red, Black, Gray              ", Gasoline  ,2.5,191,155.0, Automatic        ,8.7,130,37.0," ABS, Airbags, Ford Co-Pilot360, Rear View Camera           ", 8-inch Touchscreen Display        ," Cloth Seats, Keyless Entry, Power Mirrors                 "," LED Taillights, Bedliner, 17-inch Alloy Wheels            ",21820.0,4.8,1700.0
 Toyota   , Camry       ,2023, Sedan     ," White, Gray, Black            ", Gasoline  ,2.5,206,186.0, Automatic        ,8.1,120,39.0," ABS, Airbags, Toyota Safety Sense 2.5+, Rear Cross Traffic Alert ", 7-inch Touchscreen Display        ," Cloth Seats, Power Front Seats, Keyless Entry         "," LED Headlights, Alloy Wheels, Power Sunroof              ",26170.0,4.7,1600.0
 Kia      , Soul        ,2023, Hatchback ," Black, Gray, White            ", Gasoline  ,2.0,147,132.0, CVT               ,9.9,115,32.0," ABS, Airbags, Forward Collision Avoidance Assist, Lane Keeping Assist ", 8-inch Touchscreen Display        ," Cloth Seats, Power Windows, Keyless Entry                 "," LED Daytime Running Lights, 17-inch Alloy Wheels          ",21490.0,4.6,2200.0
 Chevrolet, Corvette    ,2023, Convertible ," Red, Black, White          ", Gasoline  ,6.2,490,470.0, Automatic        ,3.1,190,21.0," ABS, Airbags, Performance Traction Management, Rear View Camera ", 10.2-inch Infotainment System     ," Leather Seats, Power Driver's Seat, Bose Premium Audio     "," LED Headlights, Rear Spoiler, 19-inch Alloy Wheels         ",75590.0,4.9,1000.0
 Ford     , Explorer    ,2023, SUV       ," Blue, White, Silver           ", Gasoline  ,2.3,300,420.0, Automatic        ,6.8,130,27.0," ABS, Airbags, Blind Spot Monitor, Rear Cross Traffic Alert ", 12-inch Touchscreen Display       ," Cloth Seats, Keyless Entry, Power Tailgate                "," LED Headlights, Roof Rails, 20-inch Alloy Wheels           ",37775.0,4.8,1800.0
 Chevrolet, Bolt EUV    ,2023, SUV       ," Silver, Blue, Black           ", Electric  ,,200,360.0, Automatic        ,6.5,120,110.0," ABS, Airbags, HD Rear Vision Camera, Lane Keep Assist with Lane Departure Warning ", 10.2-inch Infotainment Display     ," Cloth Seats, Keyless Entry, Wireless Smartphone Charging "," LED Headlights, Roof Rails, 17-inch Alloy Wheels          ",33995.0,4.9,900.0
 Toyota   , Prius       ,2023, Hatchback ," Blue, White, Gray             ", Hybrid    ,1.8,96,, CVT               ,10.1,115,50.0," ABS, Airbags, Pre-Collision System, Lane Departure Alert    ", 7-inch Touchscreen Display        ," Cloth Seats, Keyless Entry, Push Button Start            "," LED Headlights, 15-inch Alloy Wheels                      ",27900.0,4.7,1200.0
 GMC      , Acadia      ,2023, SUV       ," Red, Black, White             ", Gasoline  ,2.0,228,349.0, Automatic        ,7.5,130,23.0," ABS, Airbags, Lane Keep Assist, Rear Cross Traffic Alert ", 8-inch Infotainment System        ," Cloth Seats, Keyless Entry, Power Liftgate                "," LED Headlights, Roof Rails, 18-inch Alloy Wheels           ",33900.0,4.7,1600.0
 Hyundai  , Venue       ,2023, SUV       ," Black, Gray, White            ", Gasoline  ,1.6,121,113.0, CVT               ,10.1,115,35.0," ABS, Airbags, Forward Collision-Avoidance Assist, Lane Keeping Assist ", 8-inch Touchscreen Display        ," Cloth Seats, Keyless Entry, Power Windows                 "," LED Daytime Running Lights, 17-inch Alloy Wheels          ",20400.0,4.6,2300.0
 Genesis  , GV80        ,2023, SUV       ," Gray, White, Black            ", Gasoline  ,2.5,300,311.0, Automatic        ,6.9,120,25.0," ABS, Airbags, Forward Collision Avoidance-Assist with Pedestrian Detection ", 14.5-inch Infotainment System    ," Leather Seats, Power Front Seats, Keyless Entry         "," LED Headlights, Roof Rails, 20-inch Alloy Wheels         ",47700.0,4.8,900.0
 Chevrolet, Camaro      ,2023, Coupe     ," Red, Black, White             ", Gasoline  ,2.0,275,295.0, Automatic        ,5.2,155,23.0," ABS, Airbags, StabiliTrak Electronic Stability Control       ", 8-inch Infotainment System        ," Cloth Seats, Power Driver's Seat, Keyless Entry         "," LED Headlights, Rear Spoiler, 18-inch Alloy Wheels        ",25000.0,4.7,1600.0
 Honda    , Fit         ,2023, Hatchback ," Blue, Black, Gray             ", Gasoline  ,1.5,128,139.0, CVT               ,8.8,115,36.0," ABS, Airbags, Collision Mitigation Braking System, Road Departure Mitigation ", 7-inch Touchscreen Display        ," Cloth Seats, Keyless Entry, Push Button Start            "," LED Daytime Running Lights, 16-inch Alloy Wheels          ",17600.0,4.6,2400.0
 Ford     , Maverick    ,2023, Truck     ," Red, Black, Gray              ", Gasoline  ,2.5,191,155.0, Automatic        ,8.7,130,37.0," ABS, Airbags, Ford Co-Pilot360, Rear View Camera           ", 8-inch Touchscreen Display        ," Cloth Seats, Keyless Entry, Power Mirrors                 "," LED Taillights, Bedliner, 17-inch Alloy Wheels            ",21820.0,4.8,1700.0
 Toyota   , Camry       ,2023, Sedan     ," White, Gray, Black            ", Gasoline  ,2.5,206,186.0, Automatic        ,8.1,120,39.0," ABS, Airbags, Toyota Safety Sense 2.5+, Rear Cross Traffic Alert ", 7-inch Touchscreen Display        ," Cloth Seats, Power Front Seats, Keyless Entry         "," LED Headlights, Alloy Wheels, Power Sunroof              ",26170.0,4.7,1600.0
 Kia      , Soul        ,2023, Hatchback ," Black, Gray, White            ", Gasoline  ,2.0,147,132.0, CVT               ,9.9,115,32.0," ABS, Airbags, Forward Collision Avoidance Assist, Lane Keeping Assist ", 8-inch Touchscreen Display        ," Cloth Seats, Power Windows, Keyless Entry                 "," LED Daytime Running Lights, 17-inch Alloy Wheels          ",21490.0,4.6,2200.0
 Chevrolet, Corvette    ,2023, Convertible ," Red, Black, White          ", Gasoline  ,6.2,490,470.0, Automatic        ,3.1,190,21.0," ABS, Airbags, Performance Traction Management, Rear View Camera ", 10.2-inch Infotainment System     ," Leather Seats, Power Driver's Seat, Bose Premium Audio     "," LED Headlights, Rear Spoiler, 19-inch Alloy Wheels         ",75590.0,4.9,1000.0
 Ford     , Explorer    ,2023, SUV       ," Blue, White, Silver           ", Gasoline  ,2.3,300,420.0, Automatic        ,6.8,130,27.0," ABS, Airbags, Blind Spot Monitor, Rear Cross Traffic Alert ", 12-inch Touchscreen Display       ," Cloth Seats, Keyless Entry, Power Tailgate                "," LED Headlights, Roof Rails, 20-inch Alloy Wheels           ",37775.0,4.8,1800.0
 Chevrolet, Bolt EUV    ,2023, SUV       ," Silver, Blue, Black           ", Electric  ,,200,360.0, Automatic        ,6.5,120,10.2," Leather Seats, Keyless Entry, Wireless Smartphone Charging "," LED Headlights, Roof Rails, 19-inch Alloy Wheels          ","33,995", 4.9/5            ,900.0,,
 Tesla    , Model 3     ,2023, Sedan     ," Black, Silver, Blue           ", Electric  ,,241,317.0, Automatic        ,5.3,140,315.0," ABS, Airbags, Autopilot, Lane Departure Warning             ", 15-inch Touchscreen Display       ," Leather Seats, Keyless Entry, Push Button Start           "," LED Headlights, Power Liftgate, 20-inch Alloy Wheels       ",45000.0,4.8,1300.0
 Jeep     , Wrangler    ,2023, SUV       ," Red, Black, Gray              ", Gasoline  ,3.0,285,260.0, Automatic        ,6.5,110,20.0," ABS, Airbags, Electronic Stability Control, ParkView Rear Back-Up Camera ", 8.4-inch Uconnect Touchscreen      ," Cloth Seats, Keyless Entry, Removable Doors               "," LED Headlights, Off-Road Suspension, 17-inch Alloy Wheels ",33590.0,4.7,1600.0
 Audi     , A5          ,2023, Coupe     ," Blue, White, Black            ", Gasoline  ,2.0,261,273.0, Automatic        ,5.2,130,34.0," ABS, Airbags, Audi Pre Sense Basic, Audi Pre Sense City      ", 10.1-inch MMI Touch Display       ," Leather Seats, Keyless Entry, Sunroof                    "," LED Headlights, 18-inch Alloy Wheels                     ",45000.0,4.8,1900.0
 Subaru   , Outback     ,2023, Wagon     ," Silver, Green, Black          ", Gasoline  ,2.4,260,277.0, Automatic        ,6.7,135,29.0," ABS, Airbags, EyeSight Driver Assist Technology, Rear Vision Camera ", 11.6-inch STARLINK Display        ," Cloth Seats, Keyless Entry, Power Liftgate                "," LED Headlights, Roof Rails, 18-inch Alloy Wheels           ",27845.0,4.7,1400.0
 BMW      , X5          ,2023, SUV       ," White, Gray, Black            ", Gasoline  ,3.0,389,330.0, Automatic        ,4.6,155,23.0," ABS, Airbags, Dynamic Stability Control, Rear View Camera   ", 12.3-inch Central Display        ," Leather Seats, Keyless Entry, Panoramic Moonroof         "," LED Headlights, 20-inch Alloy Wheels                      ",62695.0,4.8,1800.0
 Nissan   , Rogue Sport ,2023, SUV       ," Blue, White, Gray             ", Gasoline  ,2.5,181,181.0, CVT               ,9.1,130,32.0," ABS, Airbags, Intelligent Forward Collision Warning, RearView Monitor ", 7-inch Touchscreen Display        ," Cloth Seats, Keyless Entry, Power Mirrors                 "," LED Daytime Running Lights, 17-inch Alloy Wheels          ",23430.0,4.6,1700.0
 Volvo    , XC40        ,2023, SUV       ," Black, White, Silver          ", Gasoline  ,2.0,248,258.0, Automatic        ,6.2,140,27.0," ABS, Airbags, City Safety Collision Avoidance Technology    ", 9-inch Sensus Touchscreen         ," Leather Seats, Keyless Entry, Panoramic Moonroof         "," LED Headlights, 18-inch Alloy Wheels                     ",35700.0,4.8,1600.0
 Mazda    , MX-5 Miata  ,2023, Convertible ," Red, Black, White          ", Gasoline  ,2.0,181,151.0, Manual           ,6.5,120,34.0," ABS, Airbags, Rearview Camera, Blind Spot Monitoring        ", 7-inch MAZDA CONNECT Display     ," Leather Seats, Keyless Entry, Bose Audio System           "," LED Headlights, 17-inch Alloy Wheels                     ",27775.0,4.7,1000.0
 Lexus    , ES          ,2023, Sedan     ," White, Black, Gray            ", Gasoline  ,3.5,302,267.0, Automatic        ,6.3,130,34.0," ABS, Airbags, Lexus Safety System+ 3.0, Backup Camera       ", 8-inch Lexus Multimedia System   ," Leather Seats, Keyless Entry, Sunroof                    "," LED Headlights, 18-inch Alloy Wheels                     ",40325.0,4.8,1900.0
 Subaru   , Forester    ,2023, SUV       ," Blue, Black, Gray             ", Gasoline  ,2.5,182,176.0, CVT               ,9.3,130,28.0," ABS, Airbags, EyeSight Driver Assist Technology, Rear Vision Camera ", 8.0-inch STARLINK Display        ," Cloth Seats, Keyless Entry, Power Windows                 "," LED Headlights, Roof Rails, 17-inch Alloy Wheels           ",25195.0,4.7,1500.0
 Audi     , Q5          ,2023, SUV       ," Black, White, Gray            ", Gasoline  ,2.0,261,273.0, Automatic        ,5.9,130,28.0," ABS, Airbags, Audi Pre Sense Basic, Audi Pre Sense City      ", 10.1-inch MMI Touch Display       ," Leather Seats, Keyless Entry, Panoramic Sunroof          "," LED Headlights, 18-inch Alloy Wheels                     ",45600.0,4.7,2100.0
 Hyundai  , Santa Fe    ,2023, SUV       ," Blue, White, Black            ", Gasoline  ,2.5,191,182.0, Automatic        ,8.6,130,26.0," ABS, Airbags, Forward Collision-Avoidance Assist with Pedestrian Detection ", 8-inch Touchscreen Display        ," Cloth Seats, Keyless Entry, Rear Occupant Alert          "," LED Headlights, 18-inch Alloy Wheels                     ",27700.0,4.6,1700.0
 Acura    , RDX         ,2023, SUV       ," Black, White, Gray            ", Gasoline  ,2.0,272,280.0, Automatic        ,5.7,135,27.0," ABS, Airbags, AcuraWatch, Multi-View Rear Camera           ", 10.2-inch True Touchpad Interface ," Leather Seats, Keyless Entry, Panoramic Moonroof         "," LED Headlights, 19-inch Alloy Wheels                     ",39000.0,4.7,1900.0
 Mazda    , Mazda6      ,2023, Sedan     ," White, Red, Gray              ", Gasoline  ,2.5,187,186.0, Automatic        ,7.6,130,31.0," ABS, Airbags, Mazda Connected Services, Rearview Camera    ", 8-inch MAZDA CONNECT Display     ," Cloth Seats, Keyless Entry, Dual-Zone Climate Control     "," LED Headlights, 17-inch Alloy Wheels                     ",24325.0,4.7,1200.0
 Lexus    , RX          ,2023, SUV       ," White, Black, Gray            ", Gasoline  ,3.5,290,263.0, Automatic        ,6.8,130,29.0," ABS, Airbags, Lexus Safety System+ 3.0, Rear View Camera    ", 8-inch Lexus Multimedia System   ," Leather Seats, Keyless Entry, Power Liftgate              "," LED Headlights, 18-inch Alloy Wheels                     ",48500.0,4.8,1800.0
 Kia      , Sportage    ,2023, SUV       ," Blue, White, Black            ", Gasoline  ,2.4,181,175.0, CVT               ,8.9,130,27.0," ABS, Airbags, Forward Collision-Avoidance Assist, Rear View Camera ", 8-inch Touchscreen Display        ," Cloth Seats, Keyless Entry, Lane Keeping Assist          "," LED Headlights, 18-inch Alloy Wheels                     ",25000.0,4.6,2000.0
 BMW      , 5 Series    ,2023, Sedan     ," White, Black, Gray            ", Gasoline  ,2.0,248,258.0, Automatic        ,5.9,130,31.0," ABS, Airbags, Active Driving Assistant, Rear View Camera   ", 12.3-inch Central Display        ," Leather Seats, Keyless Entry, Sunroof                    "," LED Headlights, 18-inch Alloy Wheels                     ",54200.0,4.8,2200.0
 Ford     , Escape      ,2023, SUV       ," Blue, White, Black            ", Gasoline  ,1.5,181,190.0, Automatic        ,7.1,130,30.0," ABS, Airbags, Ford Co-Pilot360, Rear View Camera           ", 8-inch Touchscreen Display        ," Cloth Seats, Keyless Entry, Power Windows                 "," LED Headlights, 18-inch Alloy Wheels                     ",27650.0,4.6,1500.0
 Infiniti , QX50        ,2023, SUV       ," Blue, Black, White            ", Gasoline  ,2.0,268,280.0, Automatic        ,6.7,135,29.0," ABS, Airbags, Predictive Forward Collision Warning, Rear View Monitor ", 8-inch Dual Display System        ," Leather Seats, Keyless Entry, Panoramic Moonroof         "," LED Headlights, 20-inch Alloy Wheels                     ",40100.0,4.7,1800.0
 Nissan   , Pathfinder  ,2023, SUV       ," Black, White, Gray            ", Gasoline  ,3.5,284,259.0, Automatic        ,6.4,120,26.0," ABS, Airbags, Intelligent Forward Collision Warning, RearView Monitor ", 8-inch Touchscreen Display        ," Cloth Seats, Keyless Entry, Tri-Zone Climate Control      "," LED Headlights, 18-inch Alloy Wheels                     ",33410.0,4.6,1600.0
 Volvo    , XC60        ,2023, SUV       ," Black, White, Silver          ", Gasoline  ,2.0,250,258.0, Automatic        ,6.4,140,26.0," ABS, Airbags, City Safety Collision Avoidance Technology    ", 9-inch Sensus Touchscreen         ," Leather Seats, Keyless Entry, Panoramic Moonroof         "," LED Headlights, 19-inch Alloy Wheels                     ",42400.0,4.8,1800.0
 Subaru   , Legacy      ,2023, Sedan     ," Blue, White, Gray             ", Gasoline  ,2.4,182,176.0, CVT               ,8.9,130,35.0," ABS, Airbags, EyeSight Driver Assist Technology, Rear Vision Camera ", 11.6-inch STARLINK Display        ," Cloth Seats, Keyless Entry, Dual-Zone Climate Control     "," LED Headlights, 17-inch Alloy Wheels                     ",22995.0,4.7,1500.0
 Acura    , MDX         ,2023, SUV       ," Black, White, Gray            ", Gasoline  ,3.5,290,267.0, Automatic        ,6.2,130,27.0," ABS, Airbags, AcuraWatch, Multi-View Rear Camera           ", 12.3-inch True Touchpad Interface ," Leather Seats, Keyless Entry, Panoramic Moonroof         "," LED Headlights, 20-inch Alloy Wheels                     ",46900.0,4.7,2100.0
 Mazda    , CX-5        ,2023, SUV       ," Blue, White, Gray             ", Gasoline  ,2.5,187,186.0, Automatic        ,7.6,130,31.0," ABS, Airbags, Mazda Connected Services",,,,55000.0,3.4,2340.0
